qid,query
1037798,"Robert Gray biography, Robert Gray author, Robert Gray poet, Robert Gray artist, Robert Gray historian, Robert Gray works, Robert Gray contributions, Robert Gray achievements, Robert Gray quotes, Robert Gray influence, Robert Gray life story, Robert Gray significance, Robert Gray awards, Robert Gray literary style, Robert Gray themes--Robert Gray biography, Robert Gray author, Robert Gray poet, Robert Gray artist, Robert Gray achievements, Robert Gray works, Robert Gray contributions, Robert Gray life history, Robert Gray interviews, Robert Gray literary influence, Robert Gray awards, Robert Gray quotes, Robert Gray background, Robert Gray significance, Robert Gray contemporary relevance--Robert Gray biography, Robert Gray author, Robert Gray poet, Robert Gray artist, Robert Gray achievements, Robert Gray works, Robert Gray contributions, Robert Gray interviews, Robert Gray significance, Robert Gray quotes--Robert Gray biography, Robert Gray poet, Robert Gray author, Robert Gray works, Robert Gray achievements, Robert Gray influence, Robert Gray quotes, Robert Gray literary style, Robert Gray awards, Robert Gray significance, Robert Gray contributions, Robert Gray life story, Robert Gray poems, Robert Gray themes, Robert Gray recognition, Robert Gray interviews, Robert Gray education, Robert Gray background, Robert Gray writings, Robert Gray events, Robert Gray reviews--Robert Gray biography, Robert Gray author, Robert Gray poet, Robert Gray artist, Robert Gray contributions, Robert Gray works, Robert Gray significance, Robert Gray quotes, Robert Gray interviews, Robert Gray influence, Robert Gray literary style, Robert Gray achievements, Robert Gray awards, Robert Gray life story, Robert Gray themes, Robert Gray essays, Robert Gray poetry analysis, Robert Gray historical context, Robert Gray education, Robert Gray personal life"
104861,"interior concrete flooring prices, concrete flooring installation cost, concrete flooring types, cost comparison concrete flooring, decorative concrete flooring cost, concrete flooring maintenance costs, benefits of concrete flooring, concrete flooring options, average cost per square foot concrete, concrete flooring quotes, budget-friendly concrete flooring, residential concrete flooring costs, commercial concrete flooring pricing, concrete flooring aesthetics, long-term costs of concrete flooring--interior concrete flooring prices, concrete flooring installation cost, benefits of concrete floors, types of concrete flooring, concrete flooring maintenance costs, polished concrete flooring cost, decorative concrete flooring prices, concrete flooring vs hardwood, cost comparison concrete vs tile, residential concrete flooring cost, factors affecting concrete flooring cost, budget-friendly concrete flooring options, concrete slab flooring prices, eco-friendly concrete flooring, concrete flooring trends 2023--interior concrete flooring cost, concrete flooring prices, concrete floor installation cost, concrete flooring materials, cost per square foot concrete flooring, decorative concrete flooring cost, concrete flooring maintenance cost, affordable concrete flooring options, concrete flooring estimates, residential concrete flooring cost, concrete flooring types, concrete flooring benefits, installation fees for concrete flooring, polished concrete flooring cost, stained concrete flooring prices--cost of interior concrete flooring installation, benefits of interior concrete flooring, interior concrete flooring maintenance costs, interior concrete flooring price per square foot, types of interior concrete flooring, interior concrete flooring vs hardwood costs, interior concrete flooring design options, durable interior concrete flooring solutions, interior concrete flooring for homes, eco-friendly interior concrete flooring options, interior concrete flooring with underfloor heating, interior concrete flooring DIY costs, interior concrete flooring suppliers, interior concrete flooring trends 2023, cost comparison of interior concrete flooring materials--interior concrete flooring prices, concrete flooring installation cost, concrete flooring types, benefits of concrete flooring, concrete flooring maintenance, decorative concrete options, polished concrete flooring, concrete vs hardwood flooring, eco-friendly concrete solutions, cost comparison flooring materials, concrete flooring contractors, regional pricing concrete flooring, concrete flooring durability, alternatives to concrete flooring"
1063750,"US involvement in WWI, reasons for US entry into World War I, American neutrality WWI, factors leading to US entry WWI, Zimmermann Telegram, Lusitania sinking, economic interests WWI, propaganda in WWI, Woodrow Wilson's role in WWI, public opinion WWI, military alliances WWI, US foreign policy WWI, impact of submarine warfare, national security WWI, global politics WWI--US involvement WW1, reasons for US entry WW1, US volunteers World War 1, America enters World War 1, factors leading to US entry WW1, historical context US WW1, US foreign policy WW1, American public opinion WW1, Lusitania sinking, Zimmerman Telegram, economic interests US WW1, neutrality to involvement WW1, political motivations US WW1, historical analysis US WW1, WW1 causes and effects--US involvement, reasons for entry, World War I, American neutrality, Lusitania incident, Zimmermann Telegram, economic interests, Allied powers, public opinion, military strategy, political motivations, Wilson's policies, historical context, global conflict, national security.--US entry WW1 reasons, America involvement World War 1, factors US joining WW1, motivations for US entering WW1, historical context US WW1 entry, US public opinion World War 1, economic interests US WW1, Zimmermann Telegram impact, unrestricted submarine warfare, Allied powers support US, nationalism and WW1, Wilson's Fourteen Points, US military strategy WW1, diplomatic relations WW1, American neutrality before WW1.--US involvement WW1, reasons for US entry, voluntary entry WW1, American neutrality WW1, factors influencing US entry, WW1 causes, US public opinion WW1, economic interests WW1, Zimmermann Telegram, Lusitania sinking, Woodrow Wilson WW1, Allied powers support, war propaganda, military intervention WW1, diplomatic relations WW1."
1103812,"Commonwealth of Independent States, CIS, formation, founding members, history, establishment, post-Soviet states, treaties, political union, 1991, former Soviet republics, leadership, agreements, geopolitical significance, member states, integration, cooperation, international relations--Commonwealth of Independent States, CIS formation, CIS member countries, CIS founding members, post-Soviet states, CIS history, CIS establishment, CIS political framework, CIS agreements, CIS economic cooperation, CIS treaties, former Soviet Union, CIS leadership, CIS purpose, CIS significance--Commonwealth of Independent States, CIS, founding members, formation history, post-Soviet states, political union, treaties, signatories, establishment, historical context, leaders involved, 1991 agreement, Soviet Union dissolution, regional cooperation, member countries, governance structure, diplomatic relations, economic ties, international organizations.--Commonwealth of Independent States formation, founding of CIS, history of Commonwealth of Independent States, key figures in CIS establishment, countries in Commonwealth of Independent States, CIS member states, origins of Commonwealth of Independent States, treaties establishing CIS, post-Soviet union agreements, political background of CIS formation, leaders involved in CIS creation, significance of Commonwealth of Independent States, CIS historical context, impact of CIS on former Soviet republics, timeline of CIS formation.--Commonwealth of Independent States, CIS, formation, founding members, historical context, post-Soviet states, treaties, political alliance, member countries, leadership, 1991, international relations, former Soviet Union, cooperation, economic ties, independence, governance, treaties and agreements, geopolitical significance, legacy."
1106007,"visceral definition, visceral meaning, visceral examples, visceral feelings, visceral reactions, visceral characteristics, visceral knowledge, visceral understanding, visceral response, visceral emotions--definition, visceral, meaning, explanation, characteristics, context, usage, examples, synonyms, antonyms, related terms, emotional response, instinctive, physical sensation, psychology, literature, biology, connotation, nuance--definition, visceral meaning, visceral explained, visceral definition, visceral characteristics, visceral examples, visceral synonyms, visceral antonyms, visceral usage, visceral context--visceral meaning, visceral definition, visceral examples, visceral synonyms, visceral antonyms, visceral in literature, visceral reaction, visceral feelings, visceral experiences, visceral anatomy, visceral emotions, visceral language, visceral connections, visceral impact, visceral understanding--define, visceral, meaning, definition, synonyms, examples, usage, context, related terms, emotional, instinctive, physical reaction, gut feeling, perception, sensory, psychological, connotation, translation, etymology"
1110199,"wifi, bluetooth, comparison, differences, advantages, disadvantages, technology, wireless communication, connectivity, applications, range, speed, devices, protocols, use cases, performance, interference, standards, security, energy consumption--wifi, bluetooth, comparison, differences, advantages, disadvantages, technology, wireless communication, connectivity, range, speed, applications, use cases, protocols, frequencies, devices, compatibility, security, performance, standards--wifi, bluetooth, comparison, differences, technology, wireless communication, range, speed, applications, advantages, disadvantages, connectivity, standards, protocols, devices, interference, use cases, security, energy consumption, frequency bands--wifi comparison, bluetooth comparison, wifi advantages, bluetooth advantages, wifi technology, bluetooth technology, wifi range, bluetooth range, wifi speed, bluetooth speed, wifi security, bluetooth security, wifi use cases, bluetooth use cases, wifi devices, bluetooth devices, wifi limitations, bluetooth limitations, wifi applications, bluetooth applications--wifi, bluetooth, comparison, differences, advantages, disadvantages, use cases, technology, connectivity, range, speed, applications, protocols, wireless communication, compatibility, performance, security, power consumption, devices, standards"
1112341,"Thai culture, daily routines, lifestyle, traditions, customs, food, work, family, social activities, festivals, local markets, education, transportation, religion, leisure activities, community life, urban vs rural, regional differences, cultural practices, Thai hospitality.--daily life, Thai culture, Thailand lifestyle, Thai traditions, everyday activities in Thailand, Thai customs, living in Thailand, Thai society, cultural practices in Thailand, Thai family life, Thailand daily routine, Thai food habits, social life in Thailand, Thai festivals, work-life balance in Thailand, Thai community interactions, rural vs urban life in Thailand, traditional Thai practices, modern Thai life, Thailand travel experiences--Thai culture, daily routine, traditional practices, food habits, family structure, festivals, work life, leisure activities, urban vs rural life, social customs, language, education, transportation, housing, religion, community, lifestyle, regional differences, economic activities, health practices.--daily life in Thailand, Thai culture and traditions, daily routines of Thai people, Thai lifestyle, everyday activities in Thailand, Thai family life, food habits in Thailand, social interactions in Thailand, work life in Thailand, leisure activities in Thailand, Thai festivals and celebrations, education in Thailand, transportation in Thailand, Thai customs and practices, urban vs rural life in Thailand, Thai community life, religious practices in Thailand, health and wellness in Thailand, shopping habits in Thailand, nature and outdoor activities in Thailand--Thai culture, daily routines, lifestyle, customs, traditions, food habits, social interactions, festivals, work-life balance, family dynamics, regional differences, urban vs rural life, leisure activities, transportation, education system, religious practices, economic activities, community involvement, health and wellness, traditional arts, modern influences."
1113437,"spruce tree characteristics, spruce tree appearance, spruce tree features, spruce foliage description, spruce bark texture, spruce height and size, spruce needles description, spruce cone characteristics, spruce habitat, spruce species comparison, conifer tree description, evergreen tree features, botanical description of spruce, spruce growth habits, spruce wood properties--spruce tree characteristics, spruce tree features, physical traits of spruce, spruce bark description, spruce foliage details, spruce cone appearance, spruce species comparison, spruce habitat description, spruce growth habits, spruce tree identification--spruce tree characteristics, spruce tree appearance, spruce tree features, spruce bark description, spruce needle description, spruce cone description, spruce habitat, spruce species differences, spruce growth form, spruce foliage color, spruce size dimensions, spruce identification, spruce ecological role, spruce wood properties, spruce range distribution--spruce tree characteristics, spruce tree features, spruce tree appearance, physical traits of spruce, spruce tree identification, spruce tree foliage, spruce bark description, spruce cone description, types of spruce trees, spruce tree growth habit, spruce tree size and shape, spruce needle characteristics, spruce habitat description, spruce tree color, spruce tree crown shape--spruce tree characteristics, spruce physical traits, spruce morphology, spruce needle description, spruce bark features, spruce growth habits, spruce species identification, spruce habitat, evergreen trees, conifer characteristics, forest ecology, tree identification guide, plant anatomy, needle-like leaves, cone-bearing trees, habitat preferences, timber properties, environmental adaptations"
1114646,"famvir uses, famciclovir indications, herpes treatment, antiviral medication, shingles, genital herpes, cold sores, viral infections, prescription information, side effects, dosage, mechanism of action, patient information, drug interactions, alternative treatments--Famvir, prescription, antiviral, herpes, treatment, shingles, cold sores, medication, dosage, side effects, mechanism of action, patient information, viral infections, healthcare provider, guidelines.--Famvir, prescription, antiviral, herpes, shingles, cold sores, treatment, dosage, side effects, mechanism of action, patient information, precautions, interactions, effectiveness, guidelines, conditions treated, prescription information, healthcare provider, antiviral medication, viral infections--famvir uses, famvir indications, famvir prescription, famvir dosage, famvir side effects, famvir treatment, famvir for herpes, famvir for shingles, famvir mechanism of action, famvir effectiveness, famvir comparisons, famvir patient information, famvir reviews, famvir contraindications, famvir precautions--Famvir, prescription, antiviral, herpes, treatment, shingles, cold sores, medication, dosage, side effects, mechanism, patient information, viral infections, healthcare provider, prescription use"
1114819,"durable medical equipment, types of durable medical equipment, examples of durable medical equipment, features of durable medical equipment, uses of durable medical equipment, categories of durable medical equipment, benefits of durable medical equipment, durable medical equipment regulations, durable medical equipment suppliers, durable medical equipment for home use--durable medical equipment, types of durable medical equipment, examples of durable medical equipment, durable medical equipment categories, durable medical equipment definition, durable medical equipment uses, durable medical equipment suppliers, durable medical equipment regulations, durable medical equipment benefits, durable medical equipment features, durable medical equipment for home use, durable medical equipment for hospitals, durable medical equipment maintenance, durable medical equipment cost, durable medical equipment insurance coverage--durable medical equipment, types of DME, DME examples, healthcare equipment, medical supplies, assistive devices, mobility aids, home healthcare, rehabilitation equipment, medical technology, insurance coverage for DME, DME regulations, patient care equipment, long-term medical equipment, adaptive equipment--durable medical equipment types, examples of durable medical equipment, durable medical equipment definitions, components of durable medical equipment, uses of durable medical equipment, durable medical equipment categories, durable medical equipment list, durable medical equipment features, durable medical equipment suppliers, durable medical equipment regulations--durable medical equipment, types of DME, examples of durable medical equipment, DME definition, medical supplies, healthcare equipment, assistive devices, mobility aids, rehabilitation equipment, home healthcare products, patient care equipment, DME categories, regulations for DME, purchasing durable medical equipment, DME providers, insurance coverage for DME"
1115776,"AML, surveillance, analyst, job description, responsibilities, skills, qualifications, career path, financial crime, compliance, anti-money laundering, duties, salary, training, certifications, industry standards, tools, techniques, importance, regulations, financial institutions.--AML, surveillance, analyst, job description, responsibilities, skills, qualifications, salary, career path, financial crime, compliance, anti-money laundering, duties, training, certification, industry trends, tools, software, regulations, best practices--AML, surveillance analyst, anti-money laundering, job description, responsibilities, skills, qualifications, career path, financial crime, compliance, risk assessment, transaction monitoring, regulatory requirements, industry standards, training programs, certifications, tools and technologies, salary expectations, job market, employment opportunities--AML surveillance analyst job description, AML surveillance analyst responsibilities, skills required for AML surveillance analyst, AML surveillance analyst salary, AML surveillance analyst career path, AML compliance roles, AML analyst vs surveillance analyst, AML surveillance tools, AML surveillance techniques, AML regulations and compliance, AML monitoring systems, AML data analysis, financial crime analyst, anti-money laundering jobs, AML surveillance software, AML risk assessment, AML reporting requirements, AML transaction monitoring, AML job market trends--AML, surveillance, analyst, anti-money laundering, financial crime, compliance, risk assessment, transaction monitoring, regulatory requirements, fraud detection, financial institutions, job responsibilities, skills, career path, industry standards, data analysis, reporting, software tools, best practices, training, certifications, roles in finance, investigations, suspicious activity reporting."
1117099,"active margin, geological features, tectonic plates, continental margins, oceanography, active tectonics, plate boundaries, seismic activity, geological processes, coastal geology, landform development, geological stability, Earth science, plate tectonics, margin types, active vs passive margins, geological hazards, marine geology, coastal dynamics, tectonic activity--active margin, tectonic plates, geological features, continental margin, oceanic trench, subduction zone, seismic activity, plate tectonics, geological processes, Earth sciences, coastal geology, landforms, oceanography, fault lines, geological hazards--active margin, geological features, tectonic plates, plate boundaries, oceanic crust, continental margins, seismic activity, geological processes, subduction zones, continental shelf, active tectonics, landforms, earthquake zones, geological hazards, marine geology--active margin definition, active margin characteristics, active margin examples, active margin vs passive margin, tectonic plates active margin, oceanic active margin, continental active margin, geological features active margin, active margin formation, active margin significance, active margin processes, active margin locations, active margin research, active margin and earthquakes, active margin and volcanic activity--active margin, geological features, tectonic plates, continental margins, oceanography, plate tectonics, seismic activity, geological processes, continental shelf, subduction zones, transform faults, marine geology, coastal geology, earthquake zones, geological stability, sedimentation processes"
1121402,"soil erosion, water runoff, nutrient loss, sedimentation, agricultural impact, soil compaction, land degradation, crop yield, environmental benefits, sustainable farming, conservation practices, soil moisture retention, carbon sequestration, biodiversity, land management--contour plowing benefits, soil erosion control, water retention, agricultural practices, sustainable farming, land conservation, crop yield improvement, soil health, environmental impact, farming techniques, hillside farming, runoff reduction, land management, soil conservation methods, farming efficiency--soil erosion, water runoff, nutrient loss, land degradation, agricultural impact, crop yield, soil moisture, sedimentation, environmental benefits, sustainable farming, conservation practices, soil structure, fertility improvement, farming techniques, land management--soil erosion, water runoff, agricultural runoff, soil degradation, land degradation, sedimentation, nutrient loss, crop yield, soil moisture retention, environmental impact, sustainable farming, land conservation, soil health, farming practices, conservation tillage--contour plowing benefits, soil erosion reduction, water conservation, agricultural practices, sustainable farming, land management, crop yield improvement, soil health enhancement, environmental impact, farming techniques, hillside farming, soil moisture retention, runoff control, sustainable agriculture, erosion control methods, landscape management"
1121709,"Three Percenters, militia groups, American patriot movement, right-wing extremism, anti-government beliefs, historical context, membership, ideology, activism, Second Amendment, survivalism, radicalization, political affiliation, constitutional rights, social movements, controversial groups, militia history, modern militias, extremism in America.--Three Percenters, militia groups, American patriot movement, history of Three Percenters, ideology, beliefs, activism, right-wing extremism, Second Amendment, gun rights, political movements, anti-government sentiment, United States, militia history, Three Percenters symbolism, related organizations, recruitment, controversies, public perception, impact on society--Three Percenters, militia movement, American patriot groups, right-wing extremism, Second Amendment, anti-government activism, historical context, ideology, membership, beliefs, controversies, protests, gun rights, survivalism, political activism, grassroots movements, conspiracy theories, social media presence, recruitment strategies, related organizations, legal issues, public perception, influence on politics, regional variations, notable figures.--three percenters meaning, three percenters movement, three percenters history, three percenters beliefs, three percenters ideology, three percenters symbolism, three percenters organization, three percenters controversy, three percenters and militia, three percenters membership, three percenters activities, three percenters influence, three percenters and firearms, three percenters in politics, three percenters and patriotism--three percenters, militia movement, American patriots, constitutional rights, Second Amendment, anti-government groups, survivalism, political activism, right-wing extremism, militia ideology, historical context, social movement, gun rights advocacy, radicalization, civic nationalism"
1124210,"xylem, vascular tissue, plant anatomy, gymnosperms, wood structure, water conduction, plant biology, cell types, lignified cells, vascular plants, phloem, angiosperms, plant evolution, plant physiology--xylem, vascular tissue, plant structure, wood anatomy, gymnosperms, angiosperms, water conduction, plant biology, plant cells, lignified cells, vascular plants, secondary growth, plant physiology, tree structure, plant evolution--xylem, vascular tissue, plants, wood, plant anatomy, water transport, gymnosperms, angiosperms, lignified cells, vascular plants--xylem, vascular tissue, plant structure, woody plants, gymnosperms, water transport, plant anatomy, cell types, plant biology, vascular plants, phloem comparison, lignified cells, nutrient transport, tree physiology, plant evolution--xylem, vascular tissue, plant anatomy, gymnosperms, wood structure, vascular plants, water transport, plant biology, lignified cells, plant physiology"
1129237,"hydrogen, liquid hydrogen, boiling point, melting point, cryogenic temperatures, phase change, temperature range, hydrogen properties, liquid state, gaseous hydrogen, physical properties, low temperature, cryogenics, hydrogen phase diagram, thermodynamics--hydrogen melting point, hydrogen boiling point, hydrogen phase transition, liquid hydrogen temperature, cryogenic hydrogen, hydrogen state changes, temperature of liquid hydrogen, hydrogen properties, hydrogen physical state, liquid hydrogen characteristics--hydrogen, liquid hydrogen, boiling point, melting point, phase transition, cryogenic temperatures, physical properties, hydrogen state, temperature range, liquid state, cryogenics, hydrogen storage, scientific studies, thermodynamics, gas to liquid, hydrogen behavior--hydrogen boiling point, hydrogen phase transition, hydrogen liquefaction temperature, liquid hydrogen characteristics, hydrogen state changes, cryogenic hydrogen, hydrogen temperature properties, hydrogen physical properties, hydrogen gas to liquid, hydrogen temperature range, hydrogen in liquid form, hydrogen freezing point, hydrogen phase diagram, hydrogen storage methods, liquid hydrogen applications--hydrogen, liquid hydrogen, boiling point, melting point, cryogenic temperatures, phase change, temperature range, hydrogen properties, liquefaction, hydrogen gas, thermodynamic properties, molecular hydrogen, phase diagram, low-temperature physics, hydrogen storage"
1133167,"Jamaica weather forecast, current weather Jamaica, Jamaica climate, weather conditions Jamaica, Jamaica temperature today, Jamaica weather updates, Jamaica rainfall, Jamaica weather patterns, Jamaica seasonal weather, best time to visit Jamaica, Jamaica weather by month, Jamaica weather reports, Jamaica weather statistics, Jamaican islands weather, local weather Jamaica--Jamaica weather forecast, current weather Jamaica, Jamaica climate, Jamaica weather today, Jamaica temperature, Jamaica weather conditions, Jamaica seasonal weather, Jamaica weather update, Jamaica rain forecast, Jamaica humidity, Jamaica weather by month, Jamaica weather history, Jamaica weather map, Jamaica weather alerts, Jamaica travel weather--Jamaica weather forecast, current weather Jamaica, Jamaica climate, Jamaica temperature, Jamaica weather conditions, best time to visit Jamaica, Jamaica weather patterns, Jamaican weather updates, Jamaica rainfall, Jamaica humidity, Jamaica tropical storms, Jamaica weather history, Jamaica seasonal weather, Jamaica meteorology, Jamaica weather app--Jamaica weather forecast, current weather Jamaica, Jamaica climate today, weather conditions Jamaica, Jamaica temperature now, Jamaica weather report, best time to visit Jamaica, Jamaica weather by month, Jamaica rainy season, Jamaica weather updates, Jamaica humidity levels, Jamaica weather history, Jamaica sunshine hours, Jamaica weather radar, Jamaica travel weather tips--Jamaica weather forecast, Jamaica climate, current weather Jamaica, Jamaica temperature today, weather conditions Jamaica, Jamaica weather radar, Jamaica humidity levels, Jamaica rainfall statistics, Jamaica weather updates, best time to visit Jamaica, Jamaica seasonal weather patterns, Jamaica weather news, historical weather Jamaica, tropical storms Jamaica, Jamaica weather alerts"
130510,"definition, declaratory judgment, legal definition, declaratory relief, court ruling, judicial declaration, legal terminology, case law, civil procedure, legal precedent, statutory interpretation, legal concepts, judicial review, litigation, legal rights, dispute resolution, equitable relief, legal remedies, declaratory action--""declaratory judgment meaning, declaratory judgment explained, what is a declaratory judgment, legal definition of declaratory judgment, examples of declaratory judgment, declaratory relief definition, declaratory judgment process, declaratory judgment vs. injunction, purpose of declaratory judgment, declaratory judgment in law""--declaratory judgment meaning, legal definition declaratory judgment, declaratory judgment explained, examples of declaratory judgment, declaratory judgment cases, purpose of declaratory judgment, declaratory relief, legal terminology declaratory judgment, differences declaratory judgment and other judgments, how to obtain declaratory judgment--declaratory judgment meaning, declaratory judgment explained, legal definition of declaratory judgment, what is a declaratory judgment, declaratory judgment examples, purpose of declaratory judgment, declaratory judgment vs. injunction, declaratory judgment process, declaratory judgment in court, when to use declaratory judgment, declaratory judgment cases, significance of declaratory judgment, declaratory judgment rules, declaratory judgment application, declaratory judgment statute--declaratory judgment definition, legal definition declaratory judgment, declaratory relief, legal terminology, court ruling, judicial declaration, civil procedure, legal remedies, declaratory action, case law, statutory interpretation, legal precedent, judicial review, dispute resolution, litigation process"
131843,"SIGMET definition, SIGMET meaning, SIGMET explanation, SIGMET aviation, SIGMET weather report, SIGMET significance, SIGMET criteria, SIGMET types, SIGMET issuance, SIGMET examples, SIGMET guidelines, SIGMET relevance, meteorological SIGMET, aviation weather SIGMET, SIGMET interpretation--SIGMET definition, SIGMET meaning, SIGMET explanation, significance of SIGMET, SIGMET aviation, SIGMET weather, SIGMET guidelines, SIGMET criteria, SIGMET examples, SIGMET use cases, SIGMET types, SIGMET issuance, SIGMET interpretation, SIGMET relevance, SIGMET updates--SIGMET, aviation weather, meteorological information, significance, issuance criteria, flight safety, weather alerts, turbulence, thunderstorms, icing conditions, international standards, aviation regulations, pilot briefings, weather forecasting, air traffic control, aviation terminology, weather phenomena, advisory messages--sigmet meaning, sigmet explanation, sigmet definition aviation, what is a sigmet, sigmet weather definition, sigmet significance, sigmet full form, sigmet examples, sigmet types, sigmet usage in meteorology, sigmet criteria, sigmet issuance, sigmet report, sigmet interpretation, sigmet vs airmet--SIGMET definition, SIGMET meaning, SIGMET explanation, SIGMET significance, aviation weather alerts, SIGMET examples, SIGMET criteria, SIGMET issuance, SIGMET interpretation, meteorological warnings, flight safety, air traffic management, aviation meteorology, weather phenomena, turbulent conditions, hazardous weather, aviation regulations, pilot briefings, weather reporting, aeronautical information."
146187,"Mcdouble, double cheeseburger, McDonald's menu, burger comparison, fast food differences, Mcdouble ingredients, double cheeseburger ingredients, nutritional comparison, price difference, taste comparison, burger types, fast food burgers, food quality, sandwich variations, menu items, calorie count, customer reviews, food preferences, chain restaurant burgers--Mcdouble, double cheeseburger, McDonald's menu, fast food comparison, burger differences, McDonald's burgers, calorie comparison, ingredients comparison, taste differences, price comparison, nutritional information, McDonald's specials, burger types, fast food options, McDouble vs Double Cheeseburger--McDouble, double cheeseburger, fast food, menu comparison, ingredients, calories, nutrition, taste, price, McDonald's, burger comparison, food facts, sandwich differences, customer reviews, ordering tips, fast food chains, product variations, regional differences, food preferences--Mcdouble vs double cheeseburger, Mcdouble ingredients, double cheeseburger ingredients, nutritional comparison Mcdouble double cheeseburger, Mcdouble calories, double cheeseburger calories, taste difference Mcdouble double cheeseburger, Mcdouble features, double cheeseburger features, fast food burger comparison, McDonald's menu items, burger differences, Mcdouble reviews, double cheeseburger reviews, price comparison Mcdouble double cheeseburger, Mcdouble vs double cheeseburger taste test, burger size comparison, McDonald's burger types, fast food burger choices.--Mcdonald's, menu comparison, McDouble, double cheeseburger, ingredients, calories, taste, price, nutritional values, fast food differences, burger varieties, sandwich types, customer reviews, food preferences, ordering options, regional variations"
148538,"RN, BSN, registered nurse, Bachelor of Science in Nursing, nursing degrees, nursing education, career paths, nursing roles, job opportunities, salary comparison, nursing licensure, education requirements, professional development, healthcare careers, nursing programs, academic qualifications, nursing certifications--RN vs BSN, RN vs BSN differences, RN BSN comparison, RN BSN distinctions, registered nurse vs bachelor of science in nursing, nursing degree comparison, RN education requirements, BSN advantages, nursing career paths, RN roles, BSN roles, nursing qualifications, educational pathways in nursing, nursing degree types, advanced nursing roles, nursing licensure, nursing profession, healthcare education, nursing skills, job opportunities in nursing--RN, BSN, registered nurse, Bachelor of Science in Nursing, nursing education, nursing degrees, career paths, job roles, salary comparison, education requirements, nursing licensure, advanced practice nursing, nursing programs, professional development, healthcare careers--RN vs BSN, RN and BSN comparison, RN BSN differences, RN BSN benefits, RN BSN salary comparison, RN BSN education requirements, RN BSN career paths, RN vs BSN job opportunities, RN BSN program details, RN BSN degree advantages--RN, BSN, registered nurse, Bachelor of Science in Nursing, nursing education, nursing degrees, career pathways, nursing roles, job opportunities, nursing licensure, education requirements, advanced practice nursing, nursing programs, professional development, nursing certifications, healthcare careers, nursing salary, nursing responsibilities, nursing skills, nursing practice"
156493,"goldfish size, goldfish growth rate, goldfish care, goldfish lifespan, goldfish tank size, goldfish species, goldfish feeding, goldfish breeding, goldfish habitat, goldfish health, goldfish types, goldfish environment, goldfish development, goldfish behavior, goldfish maintenance--goldfish growth, goldfish size, goldfish lifespan, goldfish care, goldfish tank size, goldfish development, how big do goldfish get, goldfish breeding, goldfish health, goldfish environment, goldfish feeding, goldfish types, goldfish behavior, goldfish habitat, goldfish maintenance--goldfish growth, goldfish size, goldfish lifespan, goldfish care, goldfish feeding, goldfish habitat, goldfish breeding, goldfish types, aquarium fish growth, goldfish health--do goldfish grow in size, how fast do goldfish grow, goldfish growth rate, maximum size of goldfish, factors affecting goldfish growth, goldfish growth stages, do goldfish grow in a tank, goldfish growth chart, how to help goldfish grow, goldfish growth in different environments--goldfish growth, goldfish size, goldfish lifespan, goldfish care, goldfish tank size, goldfish feeding, goldfish species, goldfish habitat, goldfish breeding, goldfish health, goldfish environment, goldfish development, goldfish genetics, goldfish behavior, goldfish maintenance"
168216,"Legionella pneumophila, pneumonia, infection, symptoms, treatment, diagnosis, outbreaks, risk factors, transmission, public health, water sources, prevention, laboratory testing, clinical guidelines, healthcare-associated pneumonia, environmental factors, microbiology, epidemiology, respiratory illness--Legionella pneumophila, pneumonia, Legionnaires' disease, lung infection, waterborne pathogens, respiratory illness, bacterial pneumonia, symptoms, transmission, prevention, diagnosis, treatment, outbreak, risk factors, public health, environmental sources, healthcare-associated infections, microbiology, epidemiology, laboratory testing, clinical guidelines.--Legionella pneumophila, pneumonia, infection, symptoms, treatment, diagnosis, water sources, outbreaks, risk factors, prevention, healthcare-associated pneumonia, microbiology, pathogenesis, respiratory illness, clinical guidelines, epidemiology, laboratory testing, public health.--Legionella pneumophila, pneumonia causes, Legionnaires' disease, symptoms of Legionella infection, treatment for pneumonia, pneumonia risk factors, transmission of Legionella, diagnosis of Legionnaires' disease, prevention of Legionella pneumonia, water sources of Legionella, outbreaks of Legionella, respiratory illness, bacterial pneumonia, public health concerns, pneumonia complications, healthcare-associated pneumonia, Legionella testing methods, epidemiology of Legionnaires' disease, immune response to Legionella, environmental factors affecting Legionella.--Legionella pneumophila, pneumonia, Legionnaires' disease, water sources, risk factors, symptoms, transmission, diagnosis, treatment, prevention, epidemiology, public health, outbreaks, healthcare-associated infections, environmental conditions, laboratory testing, clinical guidelines, case studies, microbiology, infection control."
182539,"monotonic function definition, increasing function, decreasing function, properties of monotonic functions, examples of increasing functions, examples of decreasing functions, continuous monotonic functions, monotonicity theorem, applications of monotonic functions, visual representation of monotonic functions, real-world examples of monotonicity, monotonic function graph, differentiable monotonic functions, strict monotonicity, non-strict monotonicity--monotonic function definition, increasing function, decreasing function, properties of monotonic functions, monotonicity theorem, examples of monotonic functions, continuous monotonic functions, strict monotonicity, non-decreasing function, non-increasing function, monotonic sequences, real-valued functions, applications of monotonic functions, graphical representation, calculus, analysis, limits of monotonic functions, monotonic intervals, monotonicity in mathematics--monotonic function definition, increasing function, decreasing function, properties of monotonic functions, examples of increasing functions, examples of decreasing functions, continuous monotonic functions, monotonic function graph, applications of monotonic functions, real-world examples of monotonic functions--monotonic function definition, properties of monotonic functions, examples of increasing functions, examples of decreasing functions, monotonic function graph, applications of monotonic functions, monotonicity in calculus, continuous monotonic functions, monotonic sequences, monotonic transformations, strict monotonicity, non-strictly monotonic functions, monotonic function examples in real life, monotonic functions in optimization, difference between monotonic and non-monotonic functions--monotonic function definition, increasing function, decreasing function, properties of monotonic functions, examples of monotonic functions, continuous monotonic functions, monotonicity theorem, real-valued functions, monotonic sequences, applications of monotonic functions, monotonic transformations, strict monotonicity, non-decreasing functions, non-increasing functions, graphical representation of monotonic functions"
183378,"exons, definition, biology, gene structure, RNA, protein coding, introns, molecular biology, genetic sequences, splicing, eukaryotic cells, transcription, translation, genomic elements, DNA, mRNA, functional regions, sequences, biochemistry, genetics--exons, definition, biology, gene structure, RNA splicing, introns, coding regions, molecular biology, genomics, transcriptome, eukaryotic genes, protein synthesis, genetic information, DNA, mRNA, spliceosome, alternative splicing, exon-intron organization, sequence, function--exons, definition, biology, gene structure, RNA splicing, coding regions, genomic sequences, introns, molecular biology, transcriptomics, eukaryotic genes, protein-coding, genetic information, alternative splicing, gene expression, DNA, mRNA, biotechnology, bioinformatics, genetic research--exons definition, exons biology, exons meaning, exons function, exons vs introns, exons in genetics, exons role in protein synthesis, exons and gene expression, exons examples, exons structure, exons significance, exons alternative splicing, exons in eukaryotes, exons in prokaryotes, exons and transcription, exons in mRNA, exons and mutations, exons research, exons in molecular biology, exons educational resources--exons, definition, biology, gene structure, RNA splicing, coding regions, mRNA, transcription, genomics, molecular biology, introns, protein coding, eukaryotic genes, nucleotide sequences, genetic information"
19335,"anthropology, environment, ecological anthropology, cultural ecology, social environment, human-environment interaction, environmental anthropology, definitions, anthropological concepts, ecological systems, human ecology, cultural perspectives, environmental factors, anthropological theories, environmental definitions--anthropology, environment, ecological anthropology, cultural ecology, social environment, physical environment, human-environment interaction, environmental anthropology, ecological definitions, anthropological perspectives, environmental factors, cultural factors, biophysical environment, human geography, environmental sociology--anthropology, environment, ecological context, cultural ecology, human-environment interaction, social environment, physical environment, environmental anthropology, cultural landscape, ecological anthropology, biocultural diversity, environmental perception, anthropogenic factors, sustainable practices, ethnographic studies--anthropological perspective on environment, cultural definitions of environment, social constructs of environment, environmental anthropology concepts, relationship between culture and environment, anthropological studies of ecological systems, environment in anthropology, human-environment interaction, environmental perception in anthropology, anthropological theories of environment, cultural ecology, environment and human behavior, environmental factors in anthropology, anthropology and sustainability, ethnographic studies of environment--cultural ecology, social environment, human-nature interaction, ecological anthropology, environmental perception, cultural landscape, anthropogenic factors, biocultural diversity, environmental anthropology, spatial analysis, habitat studies, sustainability, indigenous knowledge, environmental ethics, anthropological perspectives, ecosystem services, place attachment, cultural dimensions, environmental justice, human geography"
207786,"shark physiology, warm-blooded sharks, endothermy in sharks, shark temperature regulation, adaptations in sharks, biological thermoregulation, marine biology, shark species, evolutionary advantages, metabolic processes, oceanic predators, heat retention in sharks, physiological adaptations, ecological niche, temperature adaptation strategies--shark thermoregulation, warm-blooded sharks, endothermic sharks, shark physiology, temperature regulation in sharks, adaptations of sharks, species of warm-blooded sharks, oceanic thermoregulation, shark biology, evolutionary advantages of warm-bloodedness, marine biology, comparative physiology, shark species characteristics, metabolic rates in sharks, ecological role of sharks--shark physiology, warm-blooded sharks, endothermy in sharks, shark temperature regulation, marine biology, shark adaptations, evolutionary advantages, great white shark, mackerel shark, thermoregulation in animals, oceanic predators, biological warm-bloodedness, shark species, comparative anatomy, ecological impact--shark thermoregulation, warm-blooded sharks, endothermic sharks, shark physiology, temperature regulation in sharks, advantages of warm-blooded sharks, species of warm-blooded sharks, blood temperature in sharks, evolutionary adaptations of sharks, marine biology, shark metabolism, great white shark warmth, mako shark adaptations, oceanic predator adaptations, shark hunting strategies, ecological role of warm-blooded sharks--shark thermoregulation, warm-blooded sharks, endothermy in sharks, shark physiology, marine biology, temperature regulation, evolutionary adaptations, shark species, metabolic processes, oceanic predators, biological mechanisms, ecological advantages, warm-blooded fish, adaptations to cold environments, comparative physiology"
264014,"flea life cycle, flea development stages, flea lifespan, flea reproduction, flea eggs, flea larvae, flea pupae, flea adult, flea growth duration, flea biology, flea control, flea infestation duration, flea lifecycle stages, environmental factors flea life cycle, flea life cycle timeline--flea life cycle duration, flea life stages, flea reproduction cycle, flea development time, flea lifespan, flea growth phases, flea eggs, flea larvae, flea pupae, flea adult stage, flea biology, flea lifecycle facts, flea species lifespan, environmental factors fleas, flea control measures--flea life cycle, flea development stages, flea lifespan, flea reproduction, flea growth duration, flea eggs, flea larvae, flea pupae, environmental factors affecting fleas, flea control methods, flea biology, flea life span, flea lifecycle stages, flea infestation duration--flea life cycle duration, flea life cycle stages, flea lifespan, flea reproduction cycle, flea development time, flea growth stages, how long do fleas live, flea life expectancy, factors affecting flea life cycle, flea lifecycle diagram, flea eggs hatching time, flea pupae duration, adult flea lifespan, environmental impact on flea life cycle, flea control and life cycle--flea life cycle, flea development stages, flea reproduction, flea lifespan, flea growth cycle, flea biology, flea eggs, flea larvae, flea pupae, flea adult stage, flea infestation duration, flea control methods, flea lifecycle infographic, flea species comparison, flea host preferences"
359349,"midsegment trapezoid formula, trapezoid properties, calculate midsegment, trapezoid geometry, midsegment length, trapezoid area, midsegment theorem, trapezoid midpoint, geometric figures, trapezoid calculations, educational resources trapezoids, math problems trapezoids, visualizing trapezoids, trapezoid examples, midsegment applications--midsegment formula, trapezoid properties, trapezoid midsegment theorem, finding midsegment, trapezoid calculations, geometry trapezoid, trapezoid sides, midsegment length, trapezoid area, geometry problems, trapezoid examples, educational resources, math tutorials, geometry exercises, trapezoid definition--midsegment trapezoid formula, trapezoid properties, geometry trapezoid, midsegment definition, trapezoid calculations, finding midsegment, trapezoid area, trapezoid height, geometric shapes, math problems trapezoid, educational resources trapezoid, visualizing trapezoids, midsegment theorem, trapezoid examples, geometry exercises--midsegment of a trapezoid formula, trapezoid midsegment properties, finding midsegment trapezoid example, trapezoid midsegment theorem, calculate midsegment trapezoid, trapezoid midsegment length, geometry trapezoid midsegment, midsegment trapezoid definition, trapezoid midsegment practice problems, midsegment trapezoid proof, drawing trapezoid midsegment, applications of trapezoid midsegment, midsegment trapezoid calculator, trapezoid midsegment worksheet, understanding trapezoid midsegment--midsegment, trapezoid properties, trapezoid formulas, geometry, midsegment theorem, trapezoid calculation, area of trapezoid, parallel sides, length of midsegment, trapezoid height, geometric shapes, math problems, educational resources, diagrams, examples"
405717,"CDG Airport, Charles de Gaulle, Paris airports, Paris travel, Paris transportation, airport location, Paris region, main airports Paris, public transport to CDG, distance from Paris, airport services, flight information, travel tips Paris, nearby attractions, airport transfers--CDG airport, Charles de Gaulle, Paris airports, main Paris airport, Paris travel, Paris transportation, airport location, Paris Charles de Gaulle, CDG location, Paris region, airport services, public transport to CDG, distance from Paris, Paris flights, major airports Paris--CDG airport, Charles de Gaulle, Paris airports, main Paris, transportation, airport location, travel to Paris, Paris city center, airport access, public transport, flight information, nearby attractions, Paris travel guide, airport facilities, terminal information--CDG airport location, Charles de Gaulle Airport, Paris airport information, distance from Paris city center, public transport to CDG, CDG airport terminals, flights to CDG, airport services in Paris, travel to Charles de Gaulle, Paris airport guide, nearby hotels to CDG, transportation options from CDG, CDG airport facilities, airport maps Paris, international flights from CDG.--CDG airport, Charles de Gaulle, Paris airports, main airports Paris, Paris travel, CDG location, Paris public transport, Paris airport information, flight options CDG, airport services CDG, Paris city access, transportation to CDG, nearby attractions CDG, Paris travel guide, airport comparison Paris."
443396,"lps laws, lps definition, legal definitions, laws related to lps, lps regulations, lps terminology, legal framework, lps compliance, lps legislation, lps policies, lps guidelines, lps statutes, legal aspects of lps, lps legal context, lps law interpretation--lps regulations, lps legal framework, lps statutes, lps compliance, lps guidelines, lps legal definition, lps legislation, lps policies, lps standards, lps requirements--lps regulations, lps legal framework, lps statutes, lps compliance, lps governance, lps legal definitions, lps policies, lps guidelines, lps terminology, lps case law--lps laws meaning, lps laws explained, lps laws examples, lps laws overview, lps laws regulations, lps laws applicability, lps laws scope, lps laws interpretation, lps laws implications, lps laws cases, lps laws history, lps laws enforcement, lps laws compliance, lps laws differences, lps laws updates, lps laws resources, lps laws references--lps laws, legal definitions, limited partnerships, limited liability, partnership agreements, business structures, legal terminology, corporate law, regulatory frameworks, legal compliance, partnership types, lps regulations, business law, legal principles, jurisdictional laws"
451602,"Medicare, definition, mechanical ventilation, respiratory support, ventilator, healthcare policy, reimbursement guidelines, patient care, respiratory therapy, medical terminology, clinical definitions, health insurance, Medicare coverage, respiratory failure, ventilatory assistance--Medicare, mechanical ventilation, definition, criteria, guidelines, coverage, reimbursement, policy, respiratory therapy, patient eligibility, medical necessity, healthcare terminology, ventilatory support, clinical definitions, Medicare Advantage, documentation requirements, coding, treatment protocols, pulmonary care--Medicare, mechanical ventilation, definition, respiratory support, medical terminology, healthcare guidelines, coverage criteria, clinical definitions, ventilator use, patient care, respiratory therapy, Medicare guidelines, health insurance, treatment protocols, pulmonary function, critical care, medical billing, reimbursement policies, patient eligibility, terminology clarification--Medicare coverage mechanical ventilation, Medicare definition respiratory support, mechanical ventilation guidelines Medicare, Medicare criteria for mechanical ventilation, Medicare policy on ventilators, mechanical ventilation reimbursement Medicare, Medicare benefits mechanical ventilation, Medicare rules mechanical ventilation, mechanical ventilation services Medicare, Medicare documentation mechanical ventilation--Medicare, mechanical ventilation, definition, criteria, guidelines, coverage, reimbursement, respiratory support, patient eligibility, Medicare Part B, medical necessity, ventilator types, acute care, chronic respiratory failure, policy updates, clinical indications, documentation requirements, healthcare providers, patient outcomes"
47923,"axon terminals, synaptic knob, definition, function, neurotransmission, synapse structure, neuronal communication, synaptic cleft, neurotransmitter release, axon terminal structure, synaptic function, nerve endings, synaptic vesicles, action potential, neuron anatomy, synaptic signaling, neurotransmitter types, synaptic plasticity, axonal transport, electrical synapses--axon terminals, synaptic knob, definition, neural communication, neurotransmission, synapse structure, synaptic transmission, neuron anatomy, axonal endings, synaptic cleft, neurotransmitter release, nerve impulse, synaptic vesicles, neuronal connections, biology of neurons--axon terminals, synaptic knob, definition, neuroscience, synapse, neurotransmitters, presynaptic, postsynaptic, neuronal communication, synaptic transmission, axonal transport, neuronal anatomy, chemical synapse, electrical synapse, synaptic vesicles, neurotransmission, synaptic plasticity, neural signaling, synaptic cleft, nerve endings--axon terminal definition, synaptic knob definition, axon terminals function, synaptic knob function, axon terminal structure, synaptic knob structure, differences between axon terminals and synaptic knobs, role of axon terminals in neurotransmission, role of synaptic knobs in communication, axon terminals in neurons, synaptic knobs in the nervous system, neurotransmitter release at axon terminals, axon terminals and synapses, synaptic transmission mechanisms, axon terminals and synaptic plasticity--axon terminals, synaptic knob, definition, neurobiology, synapses, neurotransmission, neuronal communication, presynaptic, postsynaptic, synaptic cleft, neurotransmitters, neural connections, axon structure, synaptic function, nervous system, cell signaling, synaptic plasticity, axon function, glial cells, action potentials"
489204,"right pelvic pain, causes of right pelvic pain, right side abdominal pain, pelvic pain diagnosis, right lower quadrant pain, pelvic pain conditions, right pelvic discomfort, pelvic pain symptoms, right-sided pain causes, gynecological causes of pelvic pain, urological causes of pelvic pain, right ovary pain, appendicitis, hernia, endometriosis, pelvic inflammatory disease, ovarian cysts, fibroids, referred pain, chronic pelvic pain, acute pelvic pain--right side abdominal pain, pelvic pain diagnosis, causes of right pelvic pain, right lower quadrant pain, pelvic pain symptoms, right pelvic pain treatment, right pelvic pain in women, right side pain causes, gynecological causes of pelvic pain, appendicitis symptoms, ovarian cyst pain, endometriosis pain, urinary tract infection pain, hernia symptoms, digestive issues pain--right pelvic pain, causes, symptoms, diagnosis, treatment, conditions, appendicitis, ovarian cysts, endometriosis, pelvic inflammatory disease, hernia, urinary tract infection, fibroids, referred pain, imaging tests, medical evaluation, pain management, lifestyle factors, risk factors, physician consultation--right pelvic pain causes, right pelvic pain symptoms, right pelvic pain diagnosis, right pelvic pain treatment, right pelvic pain during pregnancy, right pelvic pain after exercise, right pelvic pain in women, right pelvic pain and menstrual cycle, right pelvic pain and ovulation, right pelvic pain and back pain, right pelvic pain and urinary issues, right pelvic pain and gastrointestinal problems, right pelvic pain and appendicitis, right pelvic pain and pelvic inflammatory disease, right pelvic pain and cysts--right pelvic pain, causes of right pelvic pain, pelvic pain symptoms, right-sided abdominal pain, gynecological issues, appendicitis, ovarian cysts, ectopic pregnancy, pelvic inflammatory disease, urinary tract infection, endometriosis, hernia, musculoskeletal pain, diagnosis of pelvic pain, treatment options for pelvic pain, pain management, imaging studies for pelvic pain, differential diagnosis pelvic pain, women's health, urological causes, gastrointestinal causes, referred pain, chronic pelvic pain, acute pelvic pain"
490595,"RSA, definition, key, cryptography, encryption, algorithm, public key, private key, digital signature, security, asymmetric, mathematics, key length, RSA algorithm, key exchange, cryptographic key, certificate, authentication, secure communication, key management--RSA encryption, RSA algorithm, RSA public key, RSA private key, RSA key generation, RSA cryptography, asymmetric encryption, public key infrastructure, digital signatures, key management, cryptographic keys, secure communication, encryption standards, key exchange, mathematical foundations of RSA--RSA, definition, key, encryption, cryptography, algorithm, public key, private key, security, digital signature, asymmetric, mathematics, key length, key generation, data protection, SSL, TLS, authentication, key management, secure communication--rsa definition, rsa key explanation, rsa key meaning, rsa algorithm definition, rsa key usage, rsa encryption definition, rsa definition cryptography, rsa public key, rsa private key, rsa key pair, rsa definition and examples, rsa key generation, rsa key characteristics, rsa key length, rsa definition in computer science--RSA, definition, key, encryption, cryptography, algorithm, public key, private key, digital signature, security, asymmetric, cipher, key generation, mathematical foundation, modulus, prime numbers, key length, cryptographic standards, data protection, secure communication"
527433,"dysarthria types, cerebral palsy speech disorders, motor speech disorders, dysarthria classification, types of speech impairment, neurological speech conditions, speech therapy for dysarthria, cerebral palsy effects on speech, communication challenges in cerebral palsy, dysarthria symptoms, assessment of dysarthria, treatment options for dysarthria, pediatric dysarthria, speech development in cerebral palsy, motor control and speech, speech-language pathology, intervention strategies for dysarthria, types of motor disorders, impact of cerebral palsy on communication, dysarthria characteristics--dysarthria types, cerebral palsy speech disorders, dysarthria symptoms, dysarthria causes, speech therapy for dysarthria, motor speech disorders, cerebral palsy communication, dysarthria assessment, treatment for dysarthria, dysarthria characteristics, types of motor disorders, neurological speech disorders, speech difficulties in cerebral palsy, dysarthria rehabilitation, pediatric dysarthria--dysarthria types, cerebral palsy, speech disorders, motor speech impairment, neurological conditions, communication difficulties, dysarthria symptoms, speech therapy, treatment options, assessment methods, types of cerebral palsy, related disorders, speech production, phonation issues, articulation problems, respiratory function, language development, pediatric dysarthria, rehabilitation techniques, assistive communication devices--types of dysarthria, dysarthria cerebral palsy, dysarthria types, speech disorders cerebral palsy, motor speech disorders, dysarthria characteristics, dysarthria causes, dysarthria treatment options, types of speech impairments, cerebral palsy communication issues, dysarthria assessment, dysarthria therapy techniques, neurological speech disorders, speech therapy for cerebral palsy, understanding dysarthria, dysarthria and motor control, cerebral palsy symptoms, speech difficulties in cerebral palsy, dysarthria rehabilitation, variations of dysarthria--dysarthria types, cerebral palsy speech, motor speech disorders, dysarthria characteristics, speech therapy cerebral palsy, communication challenges, neurological speech disorders, types of motor disorders, rehabilitation strategies, speech impairment types, cerebral palsy effects, dysarthria treatment options, speech development disorders, motor control in speech, pediatric dysarthria"
573724,"social determinants, health equity, socioeconomic factors, access to healthcare, education, income, living conditions, social support, community resources, environmental factors, health disparities, public health, cultural influences, policy impacts, behavioral factors--social determinants, health equity, socioeconomic factors, access to healthcare, education, income, neighborhood environment, employment status, health outcomes, race and ethnicity, public policies, social support, community resources, lifestyle factors, health disparities--social determinants, health equity, socioeconomic status, access to healthcare, education, neighborhood environment, social support, health outcomes, public health, income inequality, employment, race and ethnicity, housing stability, food security, community resources--social determinants of health definition, examples of social determinants of health, impact of social determinants on health, social determinants of health and equity, social determinants of health framework, addressing social determinants of health, role of education in health, income and health outcomes, housing and health, access to healthcare, employment and health, community factors affecting health, social support and health, race and health disparities, policy implications of social determinants, global social determinants of health, research on social determinants of health, interventions for social determinants of health, measuring social determinants of health, health outcomes related to social factors--social determinants, health equity, socioeconomic status, access to healthcare, education, housing stability, food security, employment opportunities, neighborhood environment, social support networks, public policy, health outcomes, cultural factors, health disparities, community resources"
833860,"popular Swiss cuisine, traditional Swiss dishes, Swiss food culture, favorite foods in Switzerland, Swiss culinary specialties, best Swiss foods, Swiss gastronomy, famous Swiss meals, iconic Swiss dishes, regional Swiss foods, Swiss cheese varieties, Swiss chocolate, fondue in Switzerland, raclette, rösti, Swiss pastries, Swiss dining experiences, culinary traditions in Switzerland, food festivals in Switzerland, food trends in Switzerland--Swiss cuisine, traditional Swiss dishes, popular Swiss foods, Swiss food culture, Swiss specialties, top Swiss foods, famous Swiss meals, Swiss culinary traditions, regional Swiss dishes, Swiss desserts, Swiss cheese, fondue, raclette, rösti, Swiss chocolate, food festivals in Switzerland, Swiss food history, local Swiss ingredients, Swiss gastronomy, best restaurants in Switzerland--popular Swiss dishes, traditional Swiss cuisine, Swiss food culture, famous foods in Switzerland, Swiss culinary specialties, top Swiss meals, best Swiss recipes, regional Swiss foods, Swiss chocolate, Swiss cheese dishes, fondue, raclette, rösti, Swiss pastries, food festivals in Switzerland--popular Swiss dishes, traditional Swiss cuisine, Swiss food culture, favorite foods in Switzerland, Swiss culinary specialties, best Swiss foods, iconic dishes of Switzerland, Swiss food trends, regional foods of Switzerland, famous Swiss recipes--Swiss cuisine, traditional dishes, fondue, raclette, rösti, Swiss chocolate, regional specialties, culinary traditions, popular restaurants, food culture, local ingredients, gastronomy, food festivals, Swiss desserts, dining experiences"
855410,"theraderm benefits, theraderm uses, theraderm ingredients, theraderm applications, theraderm skincare, theraderm products, theraderm reviews, theraderm acne treatment, theraderm anti-aging, theraderm moisturizing, theraderm side effects, theraderm formulation, theraderm how to use, theraderm results, theraderm comparison, theraderm for sensitive skin, theraderm clinical studies, theraderm dermatologist recommendations, theraderm price, theraderm availability--theraderm uses, theraderm benefits, theraderm ingredients, theraderm applications, theraderm skincare, theraderm reviews, theraderm side effects, theraderm for acne, theraderm for aging, theraderm formulations, theraderm product line, theraderm effectiveness, theraderm comparisons, theraderm safety, theraderm testimonials--theraderm, uses, benefits, skincare, acne treatment, anti-aging, ingredients, application, side effects, reviews, dermatologist recommendations, product information, skin conditions, formulations, comparisons, user experiences--theraderm benefits, theraderm uses, theraderm skincare, theraderm ingredients, theraderm reviews, theraderm application, theraderm side effects, theraderm acne treatment, theraderm anti-aging, theraderm moisturizing, theraderm product line, theraderm effectiveness, theraderm for sensitive skin, theraderm formulation, theraderm testimonials--theraderm benefits, theraderm uses, theraderm ingredients, theraderm skin care, theraderm acne treatment, theraderm reviews, theraderm application, theraderm side effects, theraderm products, theraderm formulation, theraderm effectiveness, theraderm alternatives, theraderm for skin conditions, theraderm moisturizing, theraderm anti-aging, theraderm dermatologist recommendations, theraderm customer feedback, theraderm clinical studies, theraderm active compounds, theraderm safety profile"
87181,"left ventricular hypertrophy, causes, risk factors, heart muscle thickening, hypertension, aortic stenosis, athletic heart syndrome, genetic factors, obesity, diabetes, sleep apnea, chronic kidney disease, myocardial infarction, cardiac workload, echocardiogram findings, treatment options, prevention strategies, lifestyle changes, dietary factors, exercise impact--left ventricular hypertrophy, causes, risk factors, symptoms, diagnosis, treatment, pathophysiology, underlying conditions, hypertension, aortic stenosis, cardiomyopathy, genetics, lifestyle factors, echocardiogram, heart disease, prevention, prognosis, clinical guidelines, research studies, patient education--left ventricular hypertrophy, causes, risk factors, hypertension, aortic stenosis, heart disease, genetics, obesity, athletic training, diabetes, sleep apnea, cardiac remodeling, symptoms, treatment options, diagnostic tests, prevention strategies, lifestyle changes, echocardiogram, blood pressure, myocardial hypertrophy--left ventricular hypertrophy causes, causes of LVH, risk factors for left ventricular hypertrophy, left ventricular hypertrophy etiology, hypertension and left ventricular hypertrophy, genetic factors in LVH, left ventricular hypertrophy pathophysiology, lifestyle factors causing LVH, left ventricular hypertrophy symptoms, treatment for left ventricular hypertrophy, left ventricular hypertrophy diagnosis, left ventricular hypertrophy associated conditions, prevention of left ventricular hypertrophy, left ventricular hypertrophy in athletes, left ventricular hypertrophy and heart disease--left ventricular hypertrophy, causes, risk factors, hypertension, aortic stenosis, athletic heart syndrome, genetic predisposition, myocardial infarction, heart disease, obesity, diabetes, sleep apnea, valvular heart disease, echocardiography, treatment options, prevention strategies, pathophysiology, symptoms, diagnosis, management, lifestyle changes"
87452,"military mental health, PTSD, veteran suicide rates, psychological factors, combat stress, military culture, support systems, prevention strategies, trauma, emotional distress, risk factors, coping mechanisms, intervention programs, service member wellbeing, family impact, deployment effects, historical data, statistics, counseling services, awareness campaigns--military mental health, veteran suicide rates, PTSD and suicide, military stress factors, suicide prevention in armed forces, psychological impact of combat, risk factors for military suicide, emotional trauma in veterans, military support systems, suicide awareness programs, impact of deployment on mental health, coping mechanisms for soldiers, statistics on military suicide, resources for veterans, counseling services for military personnel--military mental health, suicide prevention, PTSD, combat stress, veteran support, psychological trauma, risk factors, depression, military culture, service member wellness, emotional resilience, trauma exposure, coping strategies, support systems, intervention programs--military suicide statistics, factors contributing to military suicide, prevention of military suicide, mental health in the military, veteran suicide rates, psychological impact of combat, military mental health resources, support systems for soldiers, PTSD and military suicide, risk factors for military suicide, coping mechanisms for service members, suicide awareness in the armed forces, counseling for veterans, military service and mental health, emotional well-being of soldiers--military mental health, veteran suicide rates, PTSD, combat stress, emotional trauma, military culture, prevention strategies, support systems, risk factors, intervention programs, psychological impact, deployment stress, family dynamics, resilience training, stigma, counseling services, service member well-being, suicide prevention resources, coping mechanisms, mental health awareness"
915593,"sous vide cooking, sous vide recipes, sous vide food types, sous vide meal ideas, sous vide vegetables, sous vide meats, sous vide seafood, sous vide desserts, sous vide techniques, sous vide benefits, sous vide equipment, sous vide temperature guide, sous vide cooking times, sous vide flavor enhancement, sous vide meal prep--sous vide recipes, sous vide cooking techniques, sous vide food types, sous vide meal ideas, sous vide ingredients, sous vide cooking times, sous vide temperature guide, sous vide for beginners, sous vide benefits, sous vide equipment--sous vide cooking, sous vide recipes, sous vide techniques, sous vide food types, sous vide meats, sous vide vegetables, sous vide seafood, sous vide desserts, sous vide meal prep, sous vide cooking times, sous vide temperature guide, sous vide benefits, sous vide equipment, sous vide tips, sous vide beginners--sous vide cooking techniques, sous vide recipes, best foods for sous vide, sous vide meal ideas, sous vide vegetables, sous vide meats, sous vide fish, sous vide eggs, sous vide desserts, sous vide cooking times, sous vide flavor infusion, sous vide meal prep, sous vide cooking tips, sous vide temperature guide, sous vide equipment, sous vide for beginners, sous vide sauces, sous vide side dishes, sous vide cooking advantages, sous vide safety tips--sous vide cooking, sous vide recipes, sous vide food types, sous vide meats, sous vide vegetables, sous vide eggs, sous vide desserts, sous vide fish, sous vide poultry, sous vide fruits, sous vide meal prep, sous vide cooking times, sous vide techniques, sous vide benefits, sous vide tips, sous vide equipment, sous vide temperature guide, sous vide safety, sous vide flavor enhancement, sous vide meal ideas"
962179,"Salvation Army, history, founding date, origins, William Booth, charitable organization, nonprofit, social services, 1865, London, mission, humanitarian efforts, Christian faith, global impact, historical timeline.--Salvation Army history, founding date, Salvation Army establishment, history of Salvation Army, Salvation Army origins, year founded, William Booth, charitable organization history, Salvation Army timeline, social services history--Salvation Army, history, founding date, William Booth, 1865, origins, charitable organization, social services, global presence, mission statement, early activities, timeline, significant events, impact, humanitarian efforts--Salvation Army history, Salvation Army founding date, Salvation Army establishment, origins of Salvation Army, history of Salvation Army, Salvation Army timeline, Salvation Army founders, Salvation Army mission, Salvation Army milestones, Salvation Army global impact--Salvation Army, founding date, history, organization, William Booth, charitable organization, social services, global outreach, mission statement, historical milestones, 1865, London, religious movement, community service, humanitarian efforts"
